{"aiRatingEnabled":true,"allowedDomains":[],"buttonStyle":"greeting","color":"#dfbe12","color2":null,"colorGradient":true,"consentModeEnabled":false,"customBrandingEnabled":false,"customBrandingLink":"","customBrandingText":"","emailControl":true,"features":{"api":true,"customize":true,"ga":true,"groups":false,"rating":true,"whiteLabel":false},"googleAnalyticsEnabled":true,"googleAnalyticsManual":false,"googleAnalyticsMeasurementIds":[],"groupSelectEnabled":false,"hideOfflineChat":false,"hideWidget":false,"host":"websocket-visitors.smartsupp.com","internalAnalyticsEnabled":false,"isBlocked":false,"lang":"en","mobilePopupsEnabled":false,"nameControl":true,"numberControl":true,"openOnTrigger":false,"orientation":"right","packageName":"basic","popupTextareaEnabled":false,"privacyNoticeCheckRequired":true,"privacyNoticeEnabled":true,"privacyNoticeUrl":"https://www.ezrankings.com/privacy-policy.html","ratingEnabled":true,"requireLogin":true,"translates":{"en":{"gdpr.dataPrivacyText":"Personal data are processed by Smartsupp.com, s.r.o., VAT ID CZ03668681 (further as \"Smartsupp\") as a data processor who acts on behalf of the website owner who is the data controller. Smartsupp is GDPR compliant. You can find information about Smartsupp personal data privacy and processing on www.smartsupp.com/privacy. Processing of your personal data is necessary in order to provide you customer service. Please contact the website owner if you have questions about processing of personal data or if you want to request or erase your personal data.","topBar.online.hello":"Let us help you :)"}},"urlCardsEnabled":true,"widgetVersion":3,"hasInternalApi":false,"config":{},"browserLang":"en","widgetTrackerUrl":"https://widget-tracker.smartsupp.com","translationsBaseUrl":"https://translations.smartsuppcdn.com","widgetTrackerEnabled":false}